"Reference","Value","Datasheet","Footprint","Qty","DNP"
"C1,C11,C12,C13,C14,C15,C16,C17","10uF","~","-- mixed values --","8",""
"C2,C3,C4","100nF","~","Capacitor_SMD:C_0402_1005Metric","3",""
"C5,C6,C7","1uF","~","Capacitor_SMD:C_0402_1005Metric","3",""
"C8","130pF","~","Capacitor_SMD:C_0402_1005Metric","1",""
"C9,C10","10pF","~","Capacitor_SMD:C_0402_1005Metric","2",""
"D1,D2","LED","~","LED_SMD:LED_0805_2012Metric_Pad1.15x1.40mm_HandSolder","2",""
"J1","USB_B_Micro","~","Connector_USB:USB_Micro-B_Amphenol_10118194-0001LF_Horizontal","1",""
"J2,J3,J4,J5,J6,J7,J8,J9,J10,J11,J14,J15,J16,J17","Conn_01x01_Pin","~","-- mixed values --","14",""
"J12,J19","Conn_01x02_Pin","~","-- mixed values --","2",""
"J13","Conn_01x03_Pin","~","Connector_PinHeader_2.54mm:PinHeader_1x03_P2.54mm_Vertical","1",""
"J18","Screw_Terminal_01x02","~","TerminalBlock_Phoenix:TerminalBlock_Phoenix_MPT-0,5-2-2.54_1x02_P2.54mm_Horizontal","1",""
"J20","Screw_Terminal_01x04","~","TerminalBlock_Phoenix:TerminalBlock_Phoenix_MPT-0,5-4-2.54_1x04_P2.54mm_Horizontal","1",""
"L1","2.2uH/1.6A","https://www.mouser.com/ProductDetail/Coilcraft/LPS4018-222MRC?qs=MW2gS7wPCVyKR5mBRcErLw%3D%3D","Inductor_SMD:L_Coilcraft_LPS4018","1",""
"L2,L3","4.7uH/500mA","https://www.mouser.com/ProductDetail/Coilcraft/LPS3015-472MRC?qs=QQJxVsr8EGaLi%252BiqAu49Ng%3D%3D","Inductor_SMD:L_Coilcraft_LPS3010","2",""
"L7","3.3uH/1.7A","https://www.mouser.com/ProductDetail/Coilcraft/LPS4018-332MRC?qs=QQJxVsr8EGapQGERfchnNw%3D%3D","Inductor_SMD:L_Coilcraft_LPS4018","1",""
"Q1","SI2333DS","http://www.vishay.com/docs/66709/si2319cd.pdf","Package_TO_SOT_SMD:SOT-23","1",""
"R1,R5","510","~","Resistor_SMD:R_0402_1005Metric_Pad0.72x0.64mm_HandSolder","2",""
"R3","10K","~","Resistor_SMD:R_0402_1005Metric_Pad0.72x0.64mm_HandSolder","1",""
"R4,TH1","100K","~","-- mixed values --","2",""
"R6,R7","3.01K","~","Resistor_SMD:R_0402_1005Metric_Pad0.72x0.64mm_HandSolder","2",""
"R8","383K","~","Resistor_SMD:R_0402_1005Metric_Pad0.72x0.64mm_HandSolder","1",""
"R9","347K","~","Resistor_SMD:R_0402_1005Metric_Pad0.72x0.64mm_HandSolder","1",""
"R10","235K","~","Resistor_SMD:R_0402_1005Metric_Pad0.72x0.64mm_HandSolder","1",""
"R11,R12,R13","111K","~","Resistor_SMD:R_0402_1005Metric_Pad0.72x0.64mm_HandSolder","3",""
"R14","8.25 Ohm","~","Resistor_SMD:R_0402_1005Metric_Pad0.72x0.64mm_HandSolder","1",""
"SW1","SW_SPDT","~","Button_Switch_THT:SW_Slide_SPDT_Straight_CK_OS102011MS2Q","1",""
"U1","LTC3556EUFD_PBF","","Package_DFN_QFN:QFN-28-1EP_4x5mm_P0.5mm_EP2.65x3.65mm_ThermalVias","1",""
"U2","~","","Package_SO:SO-8_3.9x4.9mm_P1.27mm","1",""
